Workbook
Name BalAfterLoan: #REF!
Name BalAfterLoan: #REF!
Name Capacities1: #REF!
Name Capacities1: #REF!
Name CostMatrix: #REF!
Name CostMatrix: #REF!
Name Demands1: #REF!
Name Demands1: #REF!
Name Dests1: #REF!
Name Dests1: #REF!
Name EndBal: #REF!
Name EndBal: #REF!
Name FinalBal: #REF!
Name FinalBal: #REF!
Name Flows1: #REF!
Name Flows1: #REF!
Name Inflows1: #REF!
Name Inflows1: #REF!
Name InitCash: #REF!
Name InitCash: #REF!
Name IntRate: #REF!
Name IntRate: #REF!
Name LTLoan: #REF!
Name LTLoan: #REF!
Name LTRate: #REF!
Name LTRate: #REF!
Name MaxEndInv: [1]Pigskin!#REF!
Name MaxEndInv: [1]Pigskin!#REF!
Name MinBal: #REF!
Name MinBal: #REF!
Name MinCashBal: #REF!
Name MinCashBal: #REF!
Name NetOutflows1: #REF!
Name NetOutflows1: #REF!
Name Origins1: #REF!
Name Origins1: #REF!
Name Outflows1: #REF!
Name Outflows1: #REF!
Name STLoan: #REF!
Name STLoan: #REF!
Name STRate: #REF!
Name STRate: #REF!
Name TotCost1: #REF!
Name TotCost1: #REF!
Name TotIntPaid: #REF!
Name TotIntPaid: #REF!

Sheet Daily Close
A1: IBM | B1: XOM | C1: GE | D1: MSFT | E1: C | F1: BAC | G1: BP | H1: PG | I1: PFE | J1: JNJ
A2: 75.39 | B2: 69.29 | C2: 32.28 | D2: 24.44 | E2: 47.83 | F2: 51.54 | G2: 70.26 | H2: 59.54 | I2: 26.15 | J2: 63.32
A3: 75.33 | B3: 69.27 | C3: 32.34 | D3: 24.34 | E3: 48.31 | F3: 52.06 | G3: 69.55 | H3: 59.72 | I3: 25.92 | J3: 63.56
A4: 75.22 | B4: 69.23 | C4: 32.69 | D4: 24.22 | E4: 48.23 | F4: 52.16 | G4: 69.86 | H4: 59.4 | I4: 25.81 | J4: 63.27
A5: 75.61 | B5: 68.69 | C5: 32.8 | D5: 24.29 | E5: 48.5 | F5: 52.32 | G5: 71.93 | H5: 59.45 | I5: 25.74 | J5: 63.53
A6: 76.03 | B6: 68.37 | C6: 32.73 | D6: 24.21 | E6: 48.47 | F6: 51.97 | G6: 71.39 | H6: 59.45 | I6: 25.28 | J6: 63.08
A7: 76.02 | B7: 68.48 | C7: 32.6 | D7: 24.3 | E7: 48.23 | F7: 51.96 | G7: 72.17 | H7: 58.29 | I7: 25.38 | J7: 63.15
A8: 75.84 | B8: 68.18 | C8: 32.56 | D8: 23.99 | E8: 48.02 | F8: 51.53 | G8: 71.89 | H8: 55.93 | I8: 25.75 | J8: 62.68
A9: 77.1 | B9: 67.74 | C9: 32.69 | D9: 24.06 | E9: 47.82 | F9: 51.53 | G9: 71.91 | H9: 56.2 | I9: 25.75 | J9: 62.55
A10: 76.65 | B10: 67 | C10: 33.02 | D10: 24.25 | E10: 47.84 | F10: 51.66 | G10: 71.77 | H10: 56.81 | I10: 25.87 | J10: 62.92
A11: 75.85 | B11: 66.47 | C11: 32.65 | D11: 23.87 | E11: 46.83 | F11: 51.02 | G11: 71.17 | H11: 56.44 | I11: 25.41 | J11: 62.56
A12: 75.53 | B12: 66.6 | C12: 32.68 | D12: 24.37 | E12: 47.05 | F12: 50.99 | G12: 70.2 | H12: 56.67 | I12: 24.88 | J12: 62.05
A13: 75.59 | B13: 65.74 | C13: 32.7 | D13: 24.22 | E13: 46.97 | F13: 50.81 | G13: 68.93 | H13: 56.88 | I13: 24.73 | J13: 62
... A153: 81.24 | B153: 57.87 | C153: 34.85 | D153: 26.65 | E153: 47.78 | F153: 46.09 | G153: 64.84 | H153: 57.85 | I153: 23.12 | J153: 60.9

Sheet Index Fund
A2: Number in index fund | B2: 3
A4: Price correlation | B4: IBM | C4: XOM | D4: GE | E4: MSFT | F4: C | G4: BAC | H4: BP | I4: PG | J4: PFE | K4: JNJ
A5: IBM | B5: =CORREL('Daily Close'!$A$2:$A$153,'Daily Close'!A$2:A$153) -> 1 | C5: =CORREL('Daily Close'!$A$2:$A$153,'Daily Close'!B$2:B$153) -> -0.36991225 | D5: =CORREL('Daily Close'!$A$2:$A$153,'Daily Close'!C$2:C$153) -> 0.63791586 | E5: =CORREL('Daily Close'!$A$2:$A$153,'Daily Close'!D$2:D$153) -> 0.61997816 | F5: =CORREL('Daily Close'!$A$2:$A$153,'Daily Close'!E$2:E$153) -> -0.10970124 | G5: =CORREL('Daily Close'!$A$2:$A$153,'Daily Close'!F$2:F$153) -> -0.48720421 | H5: =CORREL('Daily Close'!$A$2:$A$153,'Daily Close'!G$2:G$153) -> 0.12700002 | I5: =CORREL('Daily Close'!$A$2:$A$153,'Daily Close'!H$2:H$153) -> 0.21867176 | ... K5: =CORREL('Daily Close'!$A$2:$A$153,'Daily Close'!J$2:J$153) -> -0.46849866
A6: XOM | B6: =CORREL('Daily Close'!$B$2:$B$153,'Daily Close'!A$2:A$153) -> -0.36991225 | C6: =CORREL('Daily Close'!$B$2:$B$153,'Daily Close'!B$2:B$153) -> 1 | D6: =CORREL('Daily Close'!$B$2:$B$153,'Daily Close'!C$2:C$153) -> -0.26454737 | E6: =CORREL('Daily Close'!$B$2:$B$153,'Daily Close'!D$2:D$153) -> -0.16579246 | F6: =CORREL('Daily Close'!$B$2:$B$153,'Daily Close'!E$2:E$153) -> 0.28453516 | G6: =CORREL('Daily Close'!$B$2:$B$153,'Daily Close'!F$2:F$153) -> 0.65194294 | H6: =CORREL('Daily Close'!$B$2:$B$153,'Daily Close'!G$2:G$153) -> 0.67176848 | I6: =CORREL('Daily Close'!$B$2:$B$153,'Daily Close'!H$2:H$153) -> 0.0073198749 | ... K6: =CORREL('Daily Close'!$B$2:$B$153,'Daily Close'!J$2:J$153) -> 0.27914127
A7: GE | B7: =CORREL('Daily Close'!$C$2:$C$153,'Daily Close'!A$2:A$153) -> 0.63791586 | C7: =CORREL('Daily Close'!$C$2:$C$153,'Daily Close'!B$2:B$153) -> -0.26454737 | D7: =CORREL('Daily Close'!$C$2:$C$153,'Daily Close'!C$2:C$153) -> 1 | E7: =CORREL('Daily Close'!$C$2:$C$153,'Daily Close'!D$2:D$153) -> -0.018363915 | F7: =CORREL('Daily Close'!$C$2:$C$153,'Daily Close'!E$2:E$153) -> 0.54725021 | G7: =CORREL('Daily Close'!$C$2:$C$153,'Daily Close'!F$2:F$153) -> 0.10788026 | H7: =CORREL('Daily Close'!$C$2:$C$153,'Daily Close'!G$2:G$153) -> 0.2254424 | I7: =CORREL('Daily Close'!$C$2:$C$153,'Daily Close'!H$2:H$153) -> -0.32717222 | ... K7: =CORREL('Daily Close'!$C$2:$C$153,'Daily Close'!J$2:J$153) -> 0.098387469
A8: MSFT | B8: =CORREL('Daily Close'!$D$2:$D$153,'Daily Close'!A$2:A$153) -> 0.61997816 | C8: =CORREL('Daily Close'!$D$2:$D$153,'Daily Close'!B$2:B$153) -> -0.16579246 | D8: =CORREL('Daily Close'!$D$2:$D$153,'Daily Close'!C$2:C$153) -> -0.018363915 | E8: =CORREL('Daily Close'!$D$2:$D$153,'Daily Close'!D$2:D$153) -> 1 | F8: =CORREL('Daily Close'!$D$2:$D$153,'Daily Close'!E$2:E$153) -> -0.69720821 | G8: =CORREL('Daily Close'!$D$2:$D$153,'Daily Close'!F$2:F$153) -> -0.71155634 | H8: =CORREL('Daily Close'!$D$2:$D$153,'Daily Close'!G$2:G$153) -> -0.17454346 | I8: =CORREL('Daily Close'!$D$2:$D$153,'Daily Close'!H$2:H$153) -> 0.71970881 | ... K8: =CORREL('Daily Close'!$D$2:$D$153,'Daily Close'!J$2:J$153) -> -0.50150997
A9: C | B9: =CORREL('Daily Close'!$E$2:$E$153,'Daily Close'!A$2:A$153) -> -0.10970124 | C9: =CORREL('Daily Close'!$E$2:$E$153,'Daily Close'!B$2:B$153) -> 0.28453516 | D9: =CORREL('Daily Close'!$E$2:$E$153,'Daily Close'!C$2:C$153) -> 0.54725021 | E9: =CORREL('Daily Close'!$E$2:$E$153,'Daily Close'!D$2:D$153) -> -0.69720821 | F9: =CORREL('Daily Close'!$E$2:$E$153,'Daily Close'!E$2:E$153) -> 1 | G9: =CORREL('Daily Close'!$E$2:$E$153,'Daily Close'!F$2:F$153) -> 0.78578358 | H9: =CORREL('Daily Close'!$E$2:$E$153,'Daily Close'!G$2:G$153) -> 0.51547011 | I9: =CORREL('Daily Close'!$E$2:$E$153,'Daily Close'!H$2:H$153) -> -0.65049801 | ... K9: =CORREL('Daily Close'!$E$2:$E$153,'Daily Close'!J$2:J$153) -> 0.44340674
A10: BAC | B10: =CORREL('Daily Close'!$F$2:$F$153,'Daily Close'!A$2:A$153) -> -0.48720421 | C10: =CORREL('Daily Close'!$F$2:$F$153,'Daily Close'!B$2:B$153) -> 0.65194294 | D10: =CORREL('Daily Close'!$F$2:$F$153,'Daily Close'!C$2:C$153) -> 0.10788026 | E10: =CORREL('Daily Close'!$F$2:$F$153,'Daily Close'!D$2:D$153) -> -0.71155634 | F10: =CORREL('Daily Close'!$F$2:$F$153,'Daily Close'!E$2:E$153) -> 0.78578358 | G10: =CORREL('Daily Close'!$F$2:$F$153,'Daily Close'!F$2:F$153) -> 1 | H10: =CORREL('Daily Close'!$F$2:$F$153,'Daily Close'!G$2:G$153) -> 0.47480154 | I10: =CORREL('Daily Close'!$F$2:$F$153,'Daily Close'!H$2:H$153) -> -0.45259399 | ... K10: =CORREL('Daily Close'!$F$2:$F$153,'Daily Close'!J$2:J$153) -> 0.63481077
A11: BP | B11: =CORREL('Daily Close'!$G$2:$G$153,'Daily Close'!A$2:A$153) -> 0.12700002 | C11: =CORREL('Daily Close'!$G$2:$G$153,'Daily Close'!B$2:B$153) -> 0.67176848 | D11: =CORREL('Daily Close'!$G$2:$G$153,'Daily Close'!C$2:C$153) -> 0.2254424 | E11: =CORREL('Daily Close'!$G$2:$G$153,'Daily Close'!D$2:D$153) -> -0.17454346 | F11: =CORREL('Daily Close'!$G$2:$G$153,'Daily Close'!E$2:E$153) -> 0.51547011 | G11: =CORREL('Daily Close'!$G$2:$G$153,'Daily Close'!F$2:F$153) -> 0.47480154 | H11: =CORREL('Daily Close'!$G$2:$G$153,'Daily Close'!G$2:G$153) -> 1 | I11: =CORREL('Daily Close'!$G$2:$G$153,'Daily Close'!H$2:H$153) -> -0.3375401 | ... K11: =CORREL('Daily Close'!$G$2:$G$153,'Daily Close'!J$2:J$153) -> -0.10395679
A12: PG | B12: =CORREL('Daily Close'!$H$2:$H$153,'Daily Close'!A$2:A$153) -> 0.21867176 | C12: =CORREL('Daily Close'!$H$2:$H$153,'Daily Close'!B$2:B$153) -> 0.0073198749 | D12: =CORREL('Daily Close'!$H$2:$H$153,'Daily Close'!C$2:C$153) -> -0.32717222 | E12: =CORREL('Daily Close'!$H$2:$H$153,'Daily Close'!D$2:D$153) -> 0.71970881 | F12: =CORREL('Daily Close'!$H$2:$H$153,'Daily Close'!E$2:E$153) -> -0.65049801 | G12: =CORREL('Daily Close'!$H$2:$H$153,'Daily Close'!F$2:F$153) -> -0.45259399 | H12: =CORREL('Daily Close'!$H$2:$H$153,'Daily Close'!G$2:G$153) -> -0.3375401 | I12: =CORREL('Daily Close'!$H$2:$H$153,'Daily Close'!H$2:H$153) -> 1 | ... K12: =CORREL('Daily Close'!$H$2:$H$153,'Daily Close'!J$2:J$153) -> -0.27449216
A13: PFE | B13: =CORREL('Daily Close'!$I$2:$I$153,'Daily Close'!A$2:A$153) -> 0.36617815 | C13: =CORREL('Daily Close'!$I$2:$I$153,'Daily Close'!B$2:B$153) -> 0.23614134 | D13: =CORREL('Daily Close'!$I$2:$I$153,'Daily Close'!C$2:C$153) -> -0.14474213 | E13: =CORREL('Daily Close'!$I$2:$I$153,'Daily Close'!D$2:D$153) -> 0.59458103 | F13: =CORREL('Daily Close'!$I$2:$I$153,'Daily Close'!E$2:E$153) -> -0.35254329 | G13: =CORREL('Daily Close'!$I$2:$I$153,'Daily Close'!F$2:F$153) -> -0.16315646 | H13: =CORREL('Daily Close'!$I$2:$I$153,'Daily Close'!G$2:G$153) -> 0.036643577 | I13: =CORREL('Daily Close'!$I$2:$I$153,'Daily Close'!H$2:H$153) -> 0.7107098 | ... K13: =CORREL('Daily Close'!$I$2:$I$153,'Daily Close'!J$2:J$153) -> -0.28261406
A14: JNJ | B14: =CORREL('Daily Close'!$J$2:$J$153,'Daily Close'!A$2:A$153) -> -0.46849866 | C14: =CORREL('Daily Close'!$J$2:$J$153,'Daily Close'!B$2:B$153) -> 0.27914127 | D14: =CORREL('Daily Close'!$J$2:$J$153,'Daily Close'!C$2:C$153) -> 0.098387469 | E14: =CORREL('Daily Close'!$J$2:$J$153,'Daily Close'!D$2:D$153) -> -0.50150997 | F14: =CORREL('Daily Close'!$J$2:$J$153,'Daily Close'!E$2:E$153) -> 0.44340674 | G14: =CORREL('Daily Close'!$J$2:$J$153,'Daily Close'!F$2:F$153) -> 0.63481077 | H14: =CORREL('Daily Close'!$J$2:$J$153,'Daily Close'!G$2:G$153) -> -0.10395679 | I14: =CORREL('Daily Close'!$J$2:$J$153,'Daily Close'!H$2:H$153) -> -0.27449216 | ... K14: =CORREL('Daily Close'!$J$2:$J$153,'Daily Close'!J$2:J$153) -> 1
